rank,model,dataset,modality,method,metric,score,clusters,samples,training_overlap
1,rinalmo,2d,bprna,greedy,f1,0.768171797641,7090,55722,true
2,rinalmo,2d,bprna,hungarian,f1,0.751062397465,7090,55722,true
3,rinalmo,2d,bprna,threshknot,f1,0.747082846656,7090,55722,true
4,ufold,2d,bprna,threshknot,f1,0.666634076309,7090,55722,true
5,ufold,2d,bprna,threshold_0.5,f1,0.655446660609,7090,55722,true
6,ufold,2d,bprna,hungarian,f1,0.655442266596,7090,55722,true
7,rna-fm,2d,bprna,threshknot,f1,0.592334584917,7090,55722,true
8,rna-fm,2d,bprna,hungarian,f1,0.58296012269,7090,55722,true
9,rna-fm,2d,bprna,postprocess_0.5,f1,0.582844419843,7090,55722,true
10,ribonanzanet,2d,bprna,threshknot,f1,0.552679369875,7090,55722,true
11,eternafold,2d,bprna,threshknot,f1,0.539192128073,7090,55722,false
12,ribonanzanet,2d,bprna,hungarian,f1,0.536549708315,7090,55722,true
13,contrafold,2d,bprna,threshknot,f1,0.536064577498,7090,55722,false
14,eternafold,2d,bprna,mea_gamma_1,f1,0.531047989227,7090,55722,false
15,eternafold,2d,bprna,viterbi,f1,0.526078002174,7090,55722,false
16,mxfold2,2d,bprna,mfe,f1,0.525705446595,7090,55722,true
17,contrafold,2d,bprna,mea_gamma_1,f1,0.519177586808,7090,55722,false
18,vienna,2d,bprna,hungarian,f1,0.518134376021,7090,55722,false
19,eternafold,2d,bprna,hungarian,f1,0.516648803494,7090,55722,false
20,rnastructure,2d,bprna,hungarian,f1,0.512924497773,7090,55722,false
21,vienna,2d,bprna,mea_gamma_1,f1,0.512644411598,7090,55722,false
22,contrafold,2d,bprna,viterbi,f1,0.511124605004,7090,55722,false
23,vienna,2d,bprna,threshknot,f1,0.510300923425,7090,55722,false
24,vienna,2d,bprna,rnapkplex,f1,0.50442125382,7090,55722,false
25,rnastructure,2d,bprna,threshknot,f1,0.50386732178,7090,55722,false
26,vienna,2d,bprna,mfe,f1,0.502724707099,7090,55722,false
27,rnastructure,2d,bprna,probknot,f1,0.49644225952,7090,55722,false
28,rnastructure,2d,bprna,mfe,f1,0.496351535896,7090,55722,false
29,contrafold,2d,bprna,hungarian,f1,0.495691278892,7090,55722,false
30,rnastructure,2d,bprna,mea_gamma_1,f1,0.49544374604,7090,55722,false
31,mxfold2,2d,bprna,threshknot,f1,0.4429904798,7090,55722,true
32,mxfold2,2d,bprna,hungarian,f1,0.426581959076,7090,55722,true
1,eternafold,2d,efold_challenging,threshknot,f1,0.744224537908,45,45,false
2,rnastructure,2d,efold_challenging,mea_gamma_1,f1,0.73485890186,45,45,false
3,rnastructure,2d,efold_challenging,hungarian,f1,0.734452593654,45,45,false
4,vienna,2d,efold_challenging,hungarian,f1,0.727647370011,45,45,false
5,rnastructure,2d,efold_challenging,threshknot,f1,0.725624531711,45,45,false
6,eternafold,2d,efold_challenging,mea_gamma_1,f1,0.72258483266,45,45,false
7,vienna,2d,efold_challenging,mea_gamma_1,f1,0.719381970473,45,45,false
8,vienna,2d,efold_challenging,threshknot,f1,0.715953275487,45,45,false
9,contrafold,2d,efold_challenging,threshknot,f1,0.711975833154,45,45,false
10,eternafold,2d,efold_challenging,viterbi,f1,0.708676212471,45,45,false
11,rnastructure,2d,efold_challenging,probknot,f1,0.702052599137,45,45,false
12,vienna,2d,efold_challenging,mfe,f1,0.691680738625,45,45,false
13,rnastructure,2d,efold_challenging,mfe,f1,0.690078709897,45,45,false
14,ribonanzanet,2d,efold_challenging,hungarian,f1,0.689902423475,45,45,false
15,contrafold,2d,efold_challenging,mea_gamma_1,f1,0.689113145474,45,45,false
16,ribonanzanet,2d,efold_challenging,threshknot,f1,0.688083767096,45,45,false
17,vienna,2d,efold_challenging,rnapkplex,f1,0.680802236818,45,45,false
18,contrafold,2d,efold_challenging,viterbi,f1,0.675032538777,45,45,false
19,mxfold2,2d,efold_challenging,mfe,f1,0.666718644954,45,45,false
20,eternafold,2d,efold_challenging,hungarian,f1,0.664381579751,45,45,false
21,contrafold,2d,efold_challenging,hungarian,f1,0.635968942759,45,45,false
22,ufold,2d,efold_challenging,threshknot,f1,0.571349472253,45,45,false
23,ufold,2d,efold_challenging,threshold_0.5,f1,0.560121917402,45,45,false
24,ufold,2d,efold_challenging,hungarian,f1,0.559719885029,45,45,false
25,rna-fm,2d,efold_challenging,postprocess_0.5,f1,0.50958536315,45,45,false
26,rna-fm,2d,efold_challenging,hungarian,f1,0.50677757266,45,45,false
27,rna-fm,2d,efold_challenging,threshknot,f1,0.505192931927,45,45,false
28,mxfold2,2d,efold_challenging,threshknot,f1,0.475188631267,45,45,false
29,mxfold2,2d,efold_challenging,hungarian,f1,0.418620234015,45,45,false
30,rinalmo,2d,efold_challenging,greedy,f1,0.219499978638,45,45,false
31,rinalmo,2d,efold_challenging,threshknot,f1,0.139555293933,45,45,false
32,rinalmo,2d,efold_challenging,hungarian,f1,0.129570094753,45,45,false
1,ribonanzanet,2d,pdb,threshknot,f1,0.847853107005,642,1088,true
2,ribonanzanet,2d,pdb,hungarian,f1,0.846463591489,642,1088,true
3,ufold,2d,pdb,threshknot,f1,0.808730224294,642,1088,true
4,mxfold2,2d,pdb,mfe,f1,0.803725362878,642,1088,true
5,rna-fm,2d,pdb,threshknot,f1,0.803695322489,642,1088,true
6,ufold,2d,pdb,threshold_0.5,f1,0.797987867603,642,1088,true
7,ufold,2d,pdb,hungarian,f1,0.797970111245,642,1088,true
8,eternafold,2d,pdb,threshknot,f1,0.784932942288,642,1088,false
9,rna-fm,2d,pdb,postprocess_0.5,f1,0.784713382822,642,1088,true
10,rna-fm,2d,pdb,hungarian,f1,0.781978454359,642,1088,true
11,eternafold,2d,pdb,viterbi,f1,0.77999606755,642,1088,false
12,vienna,2d,pdb,hungarian,f1,0.779086392308,642,1088,false
13,eternafold,2d,pdb,mea_gamma_1,f1,0.778953537438,642,1088,false
14,rnastructure,2d,pdb,hungarian,f1,0.778517057296,642,1088,false
15,contrafold,2d,pdb,threshknot,f1,0.778334183447,642,1088,false
16,vienna,2d,pdb,rnapkplex,f1,0.777159077342,642,1088,false
17,vienna,2d,pdb,mea_gamma_1,f1,0.774917920464,642,1088,false
18,vienna,2d,pdb,threshknot,f1,0.773883575107,642,1088,false
19,eternafold,2d,pdb,hungarian,f1,0.769678261973,642,1088,false
20,rnastructure,2d,pdb,threshknot,f1,0.769020482761,642,1088,false
21,rnastructure,2d,pdb,mfe,f1,0.768839415524,642,1088,false
22,vienna,2d,pdb,mfe,f1,0.767910004966,642,1088,false
23,rnastructure,2d,pdb,mea_gamma_1,f1,0.764831269301,642,1088,false
24,rnastructure,2d,pdb,probknot,f1,0.761920097695,642,1088,false
25,contrafold,2d,pdb,mea_gamma_1,f1,0.752270346932,642,1088,false
26,contrafold,2d,pdb,viterbi,f1,0.732093822892,642,1088,false
27,contrafold,2d,pdb,hungarian,f1,0.731937585152,642,1088,false
28,rinalmo,2d,pdb,greedy,f1,0.687763307125,642,1088,true
29,mxfold2,2d,pdb,hungarian,f1,0.673617270933,642,1088,true
30,rinalmo,2d,pdb,threshknot,f1,0.621208958644,642,1088,true
31,mxfold2,2d,pdb,threshknot,f1,0.612304683923,642,1088,true
32,rinalmo,2d,pdb,hungarian,f1,0.597009470704,642,1088,true
1,ribonanzanet,2d,pseudobase,threshknot,f1,0.770336559949,288,358,true
2,ribonanzanet,2d,pseudobase,hungarian,f1,0.764035545398,288,358,true
3,vienna,2d,pseudobase,rnapkplex,f1,0.713093290948,288,358,false
4,rna-fm,2d,pseudobase,threshknot,f1,0.669535316605,288,358,true
5,rna-fm,2d,pseudobase,postprocess_0.5,f1,0.663131555097,288,358,true
6,rna-fm,2d,pseudobase,hungarian,f1,0.663056939297,288,358,true
7,ufold,2d,pseudobase,threshknot,f1,0.657219912454,288,358,true
8,ufold,2d,pseudobase,hungarian,f1,0.650663937818,288,358,true
8,ufold,2d,pseudobase,threshold_0.5,f1,0.650663937818,288,358,true
9,rnastructure,2d,pseudobase,probknot,f1,0.629531016527,288,358,false
10,eternafold,2d,pseudobase,threshknot,f1,0.617338460152,288,358,false
11,contrafold,2d,pseudobase,threshknot,f1,0.612824215995,288,358,false
12,eternafold,2d,pseudobase,viterbi,f1,0.599639939641,288,358,false
13,mxfold2,2d,pseudobase,mfe,f1,0.597611540454,288,358,true
14,vienna,2d,pseudobase,threshknot,f1,0.597130271755,288,358,false
15,rnastructure,2d,pseudobase,threshknot,f1,0.596888972683,288,358,false
16,vienna,2d,pseudobase,hungarian,f1,0.589095029531,288,358,false
17,vienna,2d,pseudobase,mfe,f1,0.587502130673,288,358,false
18,contrafold,2d,pseudobase,viterbi,f1,0.587077370046,288,358,false
19,rnastructure,2d,pseudobase,hungarian,f1,0.586203523319,288,358,false
20,rnastructure,2d,pseudobase,mea_gamma_1,f1,0.585463758581,288,358,false
21,vienna,2d,pseudobase,mea_gamma_1,f1,0.584911491024,288,358,false
22,rnastructure,2d,pseudobase,mfe,f1,0.578226810337,288,358,false
23,eternafold,2d,pseudobase,mea_gamma_1,f1,0.577446808125,288,358,false
24,contrafold,2d,pseudobase,mea_gamma_1,f1,0.556426385936,288,358,false
25,eternafold,2d,pseudobase,hungarian,f1,0.555998339682,288,358,false
26,contrafold,2d,pseudobase,hungarian,f1,0.510368759344,288,358,false
27,rinalmo,2d,pseudobase,greedy,f1,0.461538592096,288,358,true
28,mxfold2,2d,pseudobase,threshknot,f1,0.42215754525,288,358,true
29,mxfold2,2d,pseudobase,hungarian,f1,0.367140227093,288,358,true
30,rinalmo,2d,pseudobase,threshknot,f1,0.350881805091,288,358,true
31,rinalmo,2d,pseudobase,hungarian,f1,0.326126463579,288,358,true
1,eternafold,mapping,1M7,unpaired_probability,spearman,0.597161526908,9482,45424,true
2,contrafold,mapping,1M7,unpaired_probability,spearman,0.573066671962,9482,45424,false
3,vienna,mapping,1M7,unpaired_probability,spearman,0.565667917263,9482,45424,false
4,rnastructure,mapping,1M7,unpaired_probability,spearman,0.557707602587,9482,45424,false
5,ribonanzanet,mapping,1M7,unpaired_probability,spearman,0.501697933345,9482,45424,true
6,mxfold2,mapping,1M7,unpaired_probability,spearman,0.467133392543,9482,45424,false
7,ufold,mapping,1M7,unpaired_probability,spearman,0.453609353295,9482,45424,false
8,rna-fm,mapping,1M7,unpaired_probability,spearman,0.430403142767,9482,45424,false
9,rinalmo,mapping,1M7,unpaired_probability,spearman,0.373651908669,9482,45424,false
1,eternafold,mapping,2A3,unpaired_probability,spearman,0.401465780409,175224,478977,true
2,contrafold,mapping,2A3,unpaired_probability,spearman,0.351771451015,175224,478977,false
3,vienna,mapping,2A3,unpaired_probability,spearman,0.331495495572,175224,478977,false
4,rnastructure,mapping,2A3,unpaired_probability,spearman,0.324176680093,175224,478977,false
5,ribonanzanet,mapping,2A3,unpaired_probability,spearman,0.273630076012,175224,478977,true
6,mxfold2,mapping,2A3,unpaired_probability,spearman,0.270223083494,175224,478977,false
7,rna-fm,mapping,2A3,unpaired_probability,spearman,0.227848518586,175224,478977,false
8,rinalmo,mapping,2A3,unpaired_probability,spearman,0.183259486699,175224,478977,false
9,ufold,mapping,2A3,unpaired_probability,spearman,0.174874139116,175224,478977,false
1,rnastructure,mapping,BzCN,unpaired_probability,spearman,0.235565183335,24,1926,false
2,vienna,mapping,BzCN,unpaired_probability,spearman,0.231879992851,24,1926,false
3,mxfold2,mapping,BzCN,unpaired_probability,spearman,0.229277821653,24,1926,false
4,eternafold,mapping,BzCN,unpaired_probability,spearman,0.210872175578,24,1926,true
5,contrafold,mapping,BzCN,unpaired_probability,spearman,0.197084285033,24,1926,false
6,ribonanzanet,mapping,BzCN,unpaired_probability,spearman,0.161881269636,24,1926,true
7,rna-fm,mapping,BzCN,unpaired_probability,spearman,0.127794622568,24,1926,false
8,ufold,mapping,BzCN,unpaired_probability,spearman,0.10658561862,24,1926,false
9,rinalmo,mapping,BzCN,unpaired_probability,spearman,0.091922159503,24,1926,false
1,ribonanzanet,mapping,CMCT,unpaired_probability,spearman,0.262322328851,19,312,true
2,rna-fm,mapping,CMCT,unpaired_probability,spearman,0.258969540301,19,312,false
3,eternafold,mapping,CMCT,unpaired_probability,spearman,0.243831964576,19,312,true
4,contrafold,mapping,CMCT,unpaired_probability,spearman,0.238584043544,19,312,false
5,rnastructure,mapping,CMCT,unpaired_probability,spearman,0.229126414478,19,312,false
6,vienna,mapping,CMCT,unpaired_probability,spearman,0.221180898448,19,312,false
7,ufold,mapping,CMCT,unpaired_probability,spearman,0.180828553509,19,312,false
8,rinalmo,mapping,CMCT,unpaired_probability,spearman,0.174904513575,19,312,false
9,mxfold2,mapping,CMCT,unpaired_probability,spearman,0.134982659029,19,312,false
1,eternafold,mapping,DMS,unpaired_probability,spearman,0.535346105407,160714,424386,true
2,contrafold,mapping,DMS,unpaired_probability,spearman,0.505867098082,160714,424386,false
3,vienna,mapping,DMS,unpaired_probability,spearman,0.490210865581,160714,424386,false
4,rnastructure,mapping,DMS,unpaired_probability,spearman,0.483206098291,160714,424386,false
5,mxfold2,mapping,DMS,unpaired_probability,spearman,0.435185130938,160714,424386,false
6,ribonanzanet,mapping,DMS,unpaired_probability,spearman,0.381965429401,160714,424386,true
7,ufold,mapping,DMS,unpaired_probability,spearman,0.297082853844,160714,424386,false
8,rinalmo,mapping,DMS,unpaired_probability,spearman,0.269707000911,160714,424386,false
9,rna-fm,mapping,DMS,unpaired_probability,spearman,0.246446309558,160714,424386,false
1,ribonanzanet,mapping,NMIA,unpaired_probability,spearman,0.40173326266,934,3175,true
2,eternafold,mapping,NMIA,unpaired_probability,spearman,0.339930014036,934,3175,true
3,rnastructure,mapping,NMIA,unpaired_probability,spearman,0.322219965011,934,3175,false
4,vienna,mapping,NMIA,unpaired_probability,spearman,0.320526433935,934,3175,false
5,contrafold,mapping,NMIA,unpaired_probability,spearman,0.318526753898,934,3175,false
6,ufold,mapping,NMIA,unpaired_probability,spearman,0.277831897352,934,3175,false
7,mxfold2,mapping,NMIA,unpaired_probability,spearman,0.273202996533,934,3175,false
8,rna-fm,mapping,NMIA,unpaired_probability,spearman,0.241987943525,934,3175,false
9,rinalmo,mapping,NMIA,unpaired_probability,spearman,0.206988024312,934,3175,false
1,eternafold,mapping,deg_50C,unpaired_probability,spearman,0.467268445775,1166,2600,true
2,contrafold,mapping,deg_50C,unpaired_probability,spearman,0.457445308369,1166,2600,false
3,rnastructure,mapping,deg_50C,unpaired_probability,spearman,0.412632825188,1166,2600,false
4,vienna,mapping,deg_50C,unpaired_probability,spearman,0.404974723359,1166,2600,false
5,rna-fm,mapping,deg_50C,unpaired_probability,spearman,0.38311766975,1166,2600,false
6,ufold,mapping,deg_50C,unpaired_probability,spearman,0.346465021413,1166,2600,false
7,ribonanzanet,mapping,deg_50C,unpaired_probability,spearman,0.32797773525,1166,2600,true
8,mxfold2,mapping,deg_50C,unpaired_probability,spearman,0.309171560394,1166,2600,false
9,rinalmo,mapping,deg_50C,unpaired_probability,spearman,0.302242436454,1166,2600,false
1,eternafold,mapping,deg_Mg_50C,unpaired_probability,spearman,0.512329841732,2045,5328,true
2,contrafold,mapping,deg_Mg_50C,unpaired_probability,spearman,0.500461834187,2045,5328,false
3,rnastructure,mapping,deg_Mg_50C,unpaired_probability,spearman,0.456219908963,2045,5328,false
4,vienna,mapping,deg_Mg_50C,unpaired_probability,spearman,0.455137440769,2045,5328,false
5,rna-fm,mapping,deg_Mg_50C,unpaired_probability,spearman,0.40600515107,2045,5328,false
6,ribonanzanet,mapping,deg_Mg_50C,unpaired_probability,spearman,0.371196345846,2045,5328,true
7,mxfold2,mapping,deg_Mg_50C,unpaired_probability,spearman,0.370962691104,2045,5328,false
8,ufold,mapping,deg_Mg_50C,unpaired_probability,spearman,0.368331614509,2045,5328,false
9,rinalmo,mapping,deg_Mg_50C,unpaired_probability,spearman,0.333334596339,2045,5328,false
1,eternafold,mapping,deg_Mg_pH10,unpaired_probability,spearman,0.437312294446,2043,5416,true
2,contrafold,mapping,deg_Mg_pH10,unpaired_probability,spearman,0.422309667457,2043,5416,false
3,rnastructure,mapping,deg_Mg_pH10,unpaired_probability,spearman,0.397056678097,2043,5416,false
4,vienna,mapping,deg_Mg_pH10,unpaired_probability,spearman,0.392044372035,2043,5416,false
5,rna-fm,mapping,deg_Mg_pH10,unpaired_probability,spearman,0.347216723962,2043,5416,false
6,ribonanzanet,mapping,deg_Mg_pH10,unpaired_probability,spearman,0.320023661585,2043,5416,true
7,ufold,mapping,deg_Mg_pH10,unpaired_probability,spearman,0.313843373956,2043,5416,false
8,mxfold2,mapping,deg_Mg_pH10,unpaired_probability,spearman,0.300556128187,2043,5416,false
9,rinalmo,mapping,deg_Mg_pH10,unpaired_probability,spearman,0.280730488288,2043,5416,false
1,eternafold,mapping,deg_pH10,unpaired_probability,spearman,0.395077742739,1178,2632,true
2,contrafold,mapping,deg_pH10,unpaired_probability,spearman,0.390394019553,1178,2632,false
3,rna-fm,mapping,deg_pH10,unpaired_probability,spearman,0.360146096636,1178,2632,false
4,rnastructure,mapping,deg_pH10,unpaired_probability,spearman,0.359131247295,1178,2632,false
5,vienna,mapping,deg_pH10,unpaired_probability,spearman,0.343979108439,1178,2632,false
6,ufold,mapping,deg_pH10,unpaired_probability,spearman,0.309007790934,1178,2632,false
7,rinalmo,mapping,deg_pH10,unpaired_probability,spearman,0.273074530249,1178,2632,false
8,ribonanzanet,mapping,deg_pH10,unpaired_probability,spearman,0.271946312446,1178,2632,true
9,mxfold2,mapping,deg_pH10,unpaired_probability,spearman,0.23795760797,1178,2632,false
