Target;Type;Res;Oligo.State;Entry Date; Server Exp.;Human Exp.;QA Exp.;Cancellation Date;Description
R1107;RNA;69;A2;2022-05-06;2022-05-09;2022-05-28;-;-;CPEB3 ribozyme 7qr4  
R1108;RNA;69;A2;2022-05-06;2022-05-09;2022-05-27;-;-;CPEB3 ribozyme 7qr3  
R1116;RNA;157;A1;2022-05-13;2022-05-16;2022-06-04;-;-;Cloverleaf RNA 8s95  
R1128;RNA;238;A1;2022-05-20;2022-05-23;2022-06-10;-;-;6WJ 8btz  
R1138;RNA;720;A1;2022-06-03;2022-06-06;2022-06-24;-;-;6HBC-Young 7ptk, 7ptl  
R1149;RNA;124;A1;2022-06-10;2022-06-13;2022-07-02;-;-;SARS-CoV-2 SL5 8uys  
R1156;RNA;135;A1;2022-06-16;2022-06-19;2022-07-07;-;-;BtCoV-HKU5 SL5 8uye, 8uyg, 8uyj  
R1189;RNA;173;A1B6;2022-07-21;2022-07-24;2022-08-11;-;-;A-6B 7YR7  
R1190;RNA;173;A1B4;2022-07-21;2022-07-24;2022-08-11;-;-;A-4B 7yr6  
