DMS_ID,RNA_TYPE,MOLECULE_ID,variants,scored_variants,evaluated_variants
Andreasson_2020_ribozyme,Ribozyme,Andreasson_2020_ribozyme,7342,6822,6822
Domingo_2018_tRNA,tRNA,tRNA_Arg_CCU_yeast,4175,4175,4175
Guy_2014_tRNA,tRNA,Guy_2014_tRNA,25491,22510,22510
Janzen_2022_fam1a1_ribozyme,Ribozyme,Janzen_2022_fam1a1_ribozyme,1953,1953,1953
Janzen_2022_fam1b1_ribozyme,Ribozyme,Janzen_2022_fam1b1_ribozyme,1953,1953,1953
Janzen_2022_fam21_ribozyme,Ribozyme,Janzen_2022_fam21_ribozyme,1953,1596,1596
Janzen_2022_fam22_ribozyme,Ribozyme,Janzen_2022_fam22_ribozyme,1953,1953,1953
Janzen_2022_fam31_ribozyme,Ribozyme,Janzen_2022_fam31_ribozyme,1953,1953,1953
Kobori_2015_ribozyme_j12,Ribozyme,Kobori_2015_ribozyme_j12,255,255,255
Kobori_2015_ribozyme_p4,Ribozyme,Kobori_2015_ribozyme_p4,255,255,255
Kobori_2015_ribozyme_tw,Ribozyme,Kobori_2015_ribozyme_tw,1023,1023,1023
Kobori_2018_ribozyme,Ribozyme,Kobori_2018_ribozyme,16383,63,63
Li_2016_tRNA,tRNA,tRNA_Arg_CCU_yeast,65536,65536,65536
Peri_2022_ribozyme,Ribozyme,Peri_2022_ribozyme,16383,1023,1023
Pitt_2010_ribozyme,Ribozyme,Pitt_2010_ribozyme,186,99,99
Roberts_2023_cepeb3_ribozyme,Ribozyme,Roberts_2023_cepeb3_ribozyme,21321,17205,17205
Roberts_2023_HDV_ribozyme,Ribozyme,Roberts_2023_HDV_ribozyme,33930,33153,33153
Roberts_2023_hh_ribozyme,Ribozyme,Roberts_2023_hh_ribozyme,9045,9045,9045
Roberts_2023_hp_ribozyme,Ribozyme,Roberts_2023_hp_ribozyme,22578,11628,11628
Roberts_2023_tw_ribozyme,Ribozyme,Roberts_2023_tw_ribozyme,10296,6786,6786
Soo_2021_ribozyme,Ribozyme,Soo_2021_ribozyme,63430,0,0
Tome_2014_GFP_aptamer,Aptamer,Tome_2014_GFP_aptamer,417,0,0
Tome_2014_NELFE_aptamer,Aptamer,Tome_2014_NELFE_aptamer,2652,1817,1817
Zhang_2020_cpeb3_ribozyme,Ribozyme,Zhang_2020_cpeb3_ribozyme,111417,40712,40712
Zhang_2024_line1_mini_ribozyme,Ribozyme,LINE1_TS_like_ribozyme,149710,135953,135953
Zhang_2024_line1_full_ribozyme,Ribozyme,LINE1_TS_like_ribozyme,69583,23499,23499
Zhang_2024_OR4K15_ribozyme,Ribozyme,Zhang_2024_OR4K15_ribozyme,61393,57209,57209
McRae_2024_5tu_ribozyme,Ribozyme,McRae_2024_5tu_ribozyme,74942,22235,22235
McRae_2024_t1_ribozyme,Ribozyme,McRae_2024_t1_ribozyme,47503,14739,14739
