model,Ribozyme,tRNA,Aptamer,macro_3ncRNA
EVmutation,0.2474367557685717,0.43967644967123015,0.1370765459660463,0.2747299171352827
RNAErnie,0.12968271068633913,0.37367130575409213,0.17841523714364266,0.227256417861358
evo2_20b,0.12369817666556825,0.42050744367553633,0.02109268383880974,0.18843276805997144
evo2_40b,0.11756161552978878,0.4176001730429744,0.022139428871089245,0.18576707248128418
aido_rna_650m,0.06078552892935482,0.46952952319309604,0.018471452942482022,0.18292883502164428
aido_rna,0.05843408457069355,0.4682832015776667,0.021408233136557295,0.18270850642830586
rinalmo,0.017053872468618746,0.47023774451085393,0.03986487041732329,0.17571882913226533
evo2,0.07778001019889907,0.37858113912381364,-0.012984068450590884,0.14779236029070728
rnagenesis,0.09297610766180663,0.4289038192508493,-0.09127304225558788,0.1435356282190227
evo2_1b_base,0.01921712084862048,0.42154578001673826,-0.022624326220476228,0.1393795248816275
RNA-FM,-0.028442521341502828,0.3716504642760772,0.06966330278279369,0.13762374857245602
aido_rna_300m,-0.02910488884005432,0.43501179233024384,-0.02955625356620814,0.12545021664132713
aido_rna_25m,-0.033324624303113656,0.4282705885524717,-0.0277660373930302,0.12239330895210927
evo1.5,0.03251785223427213,0.354473434221128,-0.031019982919294364,0.11865710117870192
ntv3_650m,-0.026882251110547338,0.32827359795817457,0.009273179928343422,0.1035548422586569
ntv3_8m,-0.010884315813918048,0.2739890926005357,0.00400169888673593,0.08903549189111787
ntv3_100m,-0.004465950307852818,0.2426425771703506,-0.020686896636198913,0.07249657674209962
GenSLM,-0.033611902878170376,0.05644399677250911,0.13141154562243548,0.05141454650559141
aido_rna_1m,-0.0016949639695732633,0.14250033648353236,-0.037934875774833746,0.03429016557970845
evo1,-0.008425409548452927,0.08606854909072481,-0.0040302035641527414,0.024537645326039716
orthrus,-0.03927140305899432,0.07737082541799215,0.024730010768467058,0.02094314437582163
